Stewart Mitchell,4802009065,password1,gator@optonline.net
Earnest Cortez,4802011269,password2,ahuillet@live.com
Jodi Summers,4802024935,password3,spadkins@aol.com
Shannon Richards,4802033769,password4,henkp@comcast.net
Winston Austin,4802042710,password5,webdragon@gmail.com
Franklin Campbell,4802058940,password6,graham@live.com
June Lane,4802068571,password7,studyabr@hotmail.com
Bradford Hudson,4802071031,password8,michiel@gmail.com
Eula Allen,4802081062,password9,podmaster@hotmail.com
Javier Hopkins,4802092317,password10,lpalmer@verizon.net
